{
  "record": [
    {
      "id": 1,
      "First_Name": "John",
      "Last_Name": "Smith",
      "Birthday": "2001-04-23",
      "Description": "He is my best friend",
      "Email": "jsmith@hotmail.com",
      "Phone_Number": "123-123-1234",
      "OwnerId": 1,
      "CreatedDate": "2021-10-13T18:25:43.511Z",
      "UpdatedDate": "2021-10-18T18:25:43.511Z"
    },
    {
      "id": 2,
      "First_Name": "Mary",
      "Last_Name": "Smith",
      "Birthday": "2002-10-01",
      "Description": "She is my best friend's wife",
      "Email": "mary_smith@gmail.com",
      "Phone_Number": "321-3454-1234",
      "OwnerId": 2,
      "CreatedDate": "2021-10-13T18:25:43.511Z",
      "UpdatedDate": "2021-10-18T18:25:43.511Z"
    },
    {
      "id": 4,
      "First_Name": "test",
      "Last_Name": "test",
      "Birthday": "2021-04-25",
      "Description": "test the user",
      "Phone_Number": "1231231234",
      "Email": "user1@gmail.com",
      "CreatedDate": "2021-12-19T11:21:07.150Z",
      "UpdatedDate": "",
      "OwnerId": 1
    },
    {
      "id": 3,
      "First_Name": "testMary",
      "Last_Name": "testMay",
      "Birthday": "2021-11-28",
      "Description": "some test",
      "Phone_Number": "12434242",
      "Email": "username@gmail.com",
      "CreatedDate": "2021-12-19T11:14:15.847Z",
      "UpdatedDate": "",
      "OwnerId": 2
    }
  ]
}